Column 1,Column 2
"Acadia Parish, Louisiana, United States",95
"Accomack County, Virginia, United States",12
"Ada County, Idaho, United States",20
"Adams County, Colorado, United States",84
"Adams County, Idaho, United States",6
"Adams County, Indiana, United States",15
"Adams County, Mississippi, United States",52
"Adams County, Nebraska, United States",11
"Adams County, North Dakota, United States",58
"Adams County, Pennsylvania, United States",7
"Adams County, Washington, United States",2
"Addison County, Vermont, United States",36
"Aitkin County, Minnesota, United States",7
"Alamance County, North Carolina, United States",24
"Alameda County, California, United States",205
"Albany County, New York, United States",73
"Albany County, Wyoming, United States",45
"Albermarle County, Virginia, United States",5
"Alexander County, Illinois, United States",26
"Allegan County, Michigan, United States",17
"Allegany County, Maryland, United States",2
"Allegany County, New York, United States",25
"Alleghany County, Virginia, United States",9
"Allegheny County, Pennsylvania, United States",739
"Allen County, Indiana, United States",2
"Allen County, Kansas, United States",1
"Anchuleta County, Colorado, United States",1
"Anderson County, Kentucky, United States",7
"Anderson County, South Carolina, United States",2
"Anderson County, Tennessee, United States",73
"Anderson County, Texas, United States",3
"Andrews County, Texas, United States",61
"Androscoggin County, Maine, United States",10
"Angelina County, Texas, United States",102
"Anne Arundel County, Maryland, United States",191
"Anson County, North Carolina, United States",11
"Apache County, Arizona, United States",93
"Appomattox County, Virginia, United States",1
"Arapahoe County, Colorado, United States",2
"Arlington County, Virginia, United States",228
"Aroostook County, Maine, United States",619
"Ascension Parish, Louisiana, United States",19
"Atascosa County, Texas, United States",1
"Athens County, Ohio, United States",4
"Atoka County, Oklahoma, United States",5
"Augusta County, Virginia, United States",12
"Baca County, Colorado, United States",46
"Bailey County, Texas, United States",1
"Baker County, Oregon, United States",30
"Baldwin County, Alabama, United States",2
"Baltimore County, Maryland, United States",217
"Bannock County, Idaho, United States",1
"Baraga County, Michigan, United States",8
"Barber County, Kansas, United States",1
"Barbour County, West Virginia, United States",4
"Barnes County, South Dakota, United States",1
"Barnstable County, Massachusetts, United States",244
"Barren County, Kentucky, United States",1
"Barry County, Missouri, United States",2
"Bastrop County, Texas, United States",3
"Bates County, Missouri, United States",7
"Bay County, Michigan, United States",9
"Beaufort County, North Carolina, United States",8
"Beaufort County, South Carolina, United States",303
"Beaver County, Oklahoma, United States",1
"Beaver County, Pennsylvania, United States",415
"Beaverhead County, Montana, United States",222
"Beaverheed County, Montana, United States",1
"Bedford County, Pennsylvania, United States",18
"Bedford County, Tennessee, United States",4
"Bedford County, Virginia, United States",3
"Bell County, Texas, United States",5
"Beltrami County, Minnesota, United States",30
"Bennett County, South Dakota, United States",3
"Bennington County, Vermont, United States",11
"Bent County, Colorado, United States",2
"Benton County, Arkansas, United States",1
"Benton County, Indiana, United States",69
"Benton County, Oregon, United States",5
"Benton County, Washington, United States",1
"Benzie County, Michigan, United States",4
"Bergen County, New Jersey, United States",12
"Berkeley County, South Carolina, United States",45
"Berks County, Pennsylvania, United States",36
"Berkshire County, Massachusetts, United States",10
"Berkshire Hills County, Massachusetts, United States",63
"Bernalillo County, New Mexico, United States",159
"Berrien County, Michigan, United States",176
"Bexar County, Texas, United States",214
"Bibb County, Georgia, United States",6
"Big Horn County, Montana, United States",162
"Big Horn County, Wyoming, United States",15
"Big Stone County, Minnesota, United States",3
"Billings County, North Dakota, United States",7
"Bingham County, Idaho, United States",32
"Birney County, Montana, United States",1
"Black Hawk County, Iowa, United States",31
"Blaine County, Idaho, United States",6
"Blair County, Pennsylvania, United States",1
"Blount County, Tennessee, United States",24
"Blue Ridge Parkway County, Virginia, United States",2
"Boise County, Idaho, United States",10
"Bolivar County, Mississippi, United States",79
"Bonner County, Idaho, United States",48
"Bonneville County, Idaho, United States",9
"Boone County, Arkansas, United States",10
"Boone County, Missouri, United States",4
"Boone County, West Virginia, United States",19
"Bottineau County, North Dakota, United States",1
"Boundary County, Idaho, United States",89
"Bourbon County, Kentucky, United States",2
"Bowman County, North Dakota, United States",3
"Box Butte County, Nebraska, United States",12
"Box Elder County, Utah, United States",167
"Boyd County, Kentucky, United States",3
"Bradford County, Florida, United States",47
"Brazoria County, Texas, United States",73
"Brazos County, Texas, United States",34
"Breathitt County, Kentucky, United States",254
"Brewster County, Texas, United States",92
"Bristol County, Massachusetts, United States",116
"Broadwater County, Montana, United States",19
"Brooks County, Texas, United States",6
"Broome County, New York, United States",3
"Broward County, Florida, United States",9
"Brown County, Indiana, United States",38
"Brown County, South Dakota, United States",31
"Brown County, Texas, United States",46
"Bryan County, Georgia, United States",3
"Bryan County, Oklahoma, United States",3
"Bucks County, Pennsylvania, United States",36
"Buena Vista County, Iowa, United States",17
"Buffalo County, Nebraska, United States",19
"Buncombe County, North Carolina, United States",30
"Burleigh County, North Dakota, United States",19
"Burlington County, New Jersey, United States",109
"Burnett County, Wisconsin, United States",1
"Butler County, Alabama, United States",4
"Butler County, Kansas, United States",5
"Butler County, Missouri, United States",45
"Butler County, Pennsylvania, United States",5
"Butte County, California, United States",13
"Butte County, Idaho, United States",5
"Cache County, Oklahoma, United States",2
"Cache County, Texas, United States",1
"Cache County, Utah, United States",86
"Caddo Parish, Louisiana, United States",1
"Calcasieu Parish, Louisiana, United States",2
"Caledonia County, Vermont, United States",73
"Calhoun County, Alabama, United States",10
"Calhoun County, Texas, United States",2
"Callaway County, Missouri, United States",2
"Calvert County, Maryland, United States",26
"Camas County, Idaho, United States",1
"Cambria County, Pennsylvania, United States",13
"Camden County, Georgia, United States",3
"Camden County, New Jersey, United States",58
"Camden County, North Carolina, United States",75
"Cameron County, Texas, United States",136
"Campbell County, Tennessee, United States",6
"Campbell County, Virginia, United States",6
"Campbell County, Wyoming, United States",4
"Cannon County, Tennessee, United States",1
"Canyon County, Idaho, United States",426
"Carbon County, Pennsylvania, United States",100
"Carbon County, Utah, United States",23
"Carbon County, Wyoming, United States",4
"Caroline County, Maryland, United States",1
"Caroline County, Virginia, United States",86
"Carroll County, Georgia, United States",30
"Carroll County, Missouri, United States",4
"Carroll County, New Hampshire, United States",50
"Carson County, Texas, United States",4
"Carter County, Missouri, United States",2
"Carter County, Oklahoma, United States",10
"Carter County, Tennessee, United States",2
"Carver County, Minnesota, United States",9
"Cascade County, Montana, United States",152
"Cass County, North Dakota, United States",40
"Cassia County, Idaho, United States",3
"Castro County, Texas, United States",3
"Caswell County, North Carolina, United States",229
"Catron County, New Mexico, United States",451
"Cavalier County, North Dakota, United States",25
"Cayuga County, New York, United States",2
"Center County, Iowa, United States",7
"Center County, Oklahoma, United States",1
"Centre County, Pennsylvania, United States",11
"Chaffee County, Colorado, United States",43
"Chambers County, Alabama, United States",50
"Champaign County, Illinois, United States",1
"Champaign County, Ohio, United States",4
"Charles County, Maryland, United States",107
"Charleston County, South Carolina, United States",24
"Charlotte County, Virginia, United States",136
"Charlotte Parish, Louisiana, United States",22
"Chase County, Nebraska, United States",2
"Chatham County, Georgia, United States",6
"Chatham County, North Carolina, United States",73
"Chattahoochee County, Georgia, United States",178
"Chaves County, New Mexico, United States",9
"Chemung County, New York, United States",31
"Cherokee County, Kansas, United States",43
"Cherokee County, North Carolina, United States",12
"Cherokee County, Oklahoma, United States",1
"Cherokee County, South Carolina, United States",6
"Cherokee County, Texas, United States",6
"Cheshire County, New Hampshire, United States",1
"Chester County, Pennsylvania, United States",24
"Chesterfield County, South Carolina, United States",1
"Cheyenne County, Nebraska, United States",1
"Cheyenne County, Wyoming, United States",3
"Chicot County, Arkansas, United States",6
"Childress County, Texas, United States",16
"Chilton County, Alabama, United States",2
"Chippewa County, Michigan, United States",1
"Chippewa County, Wisconsin, United States",16
"Chisago County, Minnesota, United States",2
"Chittenden County, Vermont, United States",30
"Chouteau County, Montana, United States",5
"Chowan County, North Carolina, United States",1
"Churchill County, Nevada, United States",4
"Cibola County, New Mexico, United States",35
"Cimarron County, Oklahoma, United States",36
"Clackamas County, Idaho, United States",1
"Clackamas County, Oregon, United States",21
"Claiborne County, Mississippi, United States",42
"Clarendon County, South Carolina, United States",39
"Clark County, Arkansas, United States",1
"Clark County, Nevada, United States",132
"Clark County, South Dakota, United States",1
"Clatsop County, Oregon, United States",79
"Clay County, Arkansas, United States",4
"Clay County, Iowa, United States",26
"Clay County, Kentucky, United States",1
"Clear Creek County, Colorado, United States",31
"Clearfield County, Pennsylvania, United States",77
"Clearwater County, Idaho, United States",11
"Clermont County, Ohio, United States",6
"Cleveland County, Oklahoma, United States",1
"Clinch County, Georgia, United States",6
"Clinton County, Iowa, United States",36
"Clinton County, New York, United States",1
"Cloud County, Kansas, United States",4
"Coachella County, California, United States",3
"Coahoma County, Mississippi, United States",195
"Cobb County, Georgia, United States",1
"Cochise County, Arizona, United States",95
"Cocke County, Tennessee, United States",2
"Coconino County, Arizona, United States",28
"Coffee County, Alabama, United States",254
"Coffee County, Georgia, United States",11
"Coffee County, Tennessee, United States",3
"Coffey County, Kansas, United States",12
"Colbert County, Alabama, United States",250
"Cole County, Missouri, United States",8
"Colfax County, New Mexico, United States",193
"Colleton County, South Carolina, United States",12
"Columbia County, New York, United States",5
"Columbia County, Wisconsin, United States",12
"Columbiana County, Ohio, United States",2
"Comal County, Texas, United States",3
"Comanche County, Oklahoma, United States",3
"Comanche County, Texas, United States",25
"Conecuh County, Alabama, United States",1
"Conejos County, Colorado, United States",3
"Contra Costa County, California, United States",38
"Converse County, Wyoming, United States",11
"Conway County, Arkansas, United States",1
"Cook County, Illinois, United States",1975
"Coos County, New Hampshire, United States",143
"Copiah County, Mississippi, United States",2
"Corson County, South Dakota, United States",1
"Cortland County, New York, United States",10
"Coryell County, Texas, United States",4
"Costilla County, Colorado, United States",34
"Cowley County, Kansas, United States",4
"Cowlitz County, Washington, United States",130
"Crane County, Texas, United States",4
"Crawford County, Illinois, United States",18
"Crawford County, Kansas, United States",1
"Crawford County, Wisconsin, United States",7
"Creek County, Oklahoma, United States",157
"Crittenden County, Arkansas, United States",12
"Crook County, Wyoming, United States",2
"Crosby County, Texas, United States",13
"Cross County, Arkansas, United States",6
"Cross County, Mississippi, United States",1
"Crowley County, Colorado, United States",16
"Culberson County, Texas, United States",1
"Culpeper County, Virginia, United States",2
"Cumberland County, Maine, United States",34
"Cumberland County, New Jersey, United States",409
"Cumberland County, North Carolina, United States",179
"Cumberland County, Pennsylvania, United States",105
"Cumberland County, Tennessee, United States",33
"Currituck County, North Carolina, United States",7
"Curry County, New Mexico, United States",53
"Custer County, Idaho, United States",25
"Custer County, Montana, United States",54
"Custer County, Nebraska, United States",7
"Cuyahoga County, New Jersey, United States",1
"Cuyahoga County, Ohio, United States",187
"Dade County, Florida, United States",8
"Dakota County, Minnesota, United States",30
"Dalhart County, Texas, United States",2
"Dallam County, Texas, United States",17
"Dallas County, Alabama, United States",60
"Dallas County, Iowa, United States",34
"Dallas County, Texas, United States",78
"Dane County, Wisconsin, United States",207
"Darlington County, South Carolina, United States",3
"Dauphin County, Pennsylvania, United States",3
"Davidson County, Tennessee, United States",314
"Daviess County, Indiana, United States",7
"Dawes County, Nebraska, United States",30
"Dawson County, Montana, United States",6
"Dawson County, Nebraska, United States",43
"Dawson County, Texas, United States",11
"Day County, South Dakota, United States",5
"De Baca County, New Mexico, United States",15
"De Witt County, Texas, United States",4
"Deaf Smith County, Texas, United States",23
"Decatur County, Indiana, United States",3
"Decatur County, Iowa, United States",1
"Deer Lodge County, Montana, United States",148
"DeKalb County, Alabama, United States",9
"DeKalb County, Georgia, United States",5
"DeKalb County, Illinois, United States",3
"Delaware County, New York, United States",2
"Delaware County, Pennsylvania, United States",8
"Delta County, Colorado, United States",51
"Dent County, Missouri, United States",2
"Denver County, Colorado, United States",112
"Des Moines County, Iowa, United States",37
"Deschutes County, Oregon, United States",6
"Dewey County, South Dakota, United States",13
"Dickens County, Texas, United States",3
"Dickinson County, Iowa, United States",10
"Dickson County, Tennessee, United States",3
"Dimmit County, Texas, United States",2
"Divide County, North Dakota, United States",46
"Dodge County, Georgia, United States",3
"Dodge County, Wisconsin, United States",5
"Dona Ana County, New Mexico, United States",22
"Donley County, Texas, United States",1
"Door County, Wisconsin, United States",59
"Dorchester County, Maryland, United States",73
"Dorchester County, South Carolina, United States",22
"Douglas County, Kansas, United States",5
"Douglas County, Nebraska, United States",270
"Douglas County, Nevada, United States",47
"Douglas County, Oregon, United States",11
"Douglas County, Wisconsin, United States",103
"Drew County, Arkansas, United States",7
"Dubuque County, Iowa, United States",99
"Duchesne County, Utah, United States",5
"Dunklin County, Missouri, United States",36
"Dunn County, North Dakota, United States",2
"Dunn County, Wisconsin, United States",1
"DuPage County, Illinois, United States",23
"Durham County, North Carolina, United States",145
"Duval County, Florida, United States",51
"Eagle County, Colorado, United States",5
"East Carroll Parish, Louisiana, United States",119
"Ector County, Texas, United States",9
"Eddy County, New Mexico, United States",5
"Edmunds County, South Dakota, United States",8
"El Paso County, Texas, United States",95
"Elk County, Pennsylvania, United States",6
"Elko County, Nevada, United States",39
"Ellis County, Kansas, United States",1
"Ellis County, Oklahoma, United States",1
"Ellis County, Texas, United States",9
"Emmet County, Iowa, United States",36
"Erie County, New York, United States",349
"Erie County, Ohio, United States",40
"Erie County, Pennsylvania, United States",158
"Escambia County, Florida, United States",14
"Esmeralda County, Nevada, United States",24
"Essex County, Massachusetts, United States",400
"Essex County, New Jersey, United States",56
"Essex County, Virginia, United States",6
"Etowah County, Alabama, United States",13
"Etowah County, Georgia, United States",1
"Eureka County, Nevada, United States",9
"Fairfax County, Virginia, United States",355
"Fairfield County, Connecticut, United States",73
"Fairfield County, South Carolina, United States",2
"Fall River County, South Dakota, United States",1
"Faulk County, South Dakota, United States",6
"Faulkner County, Arkansas, United States",31
"Fauquier County, Virginia, United States",64
"Fayette County, Kentucky, United States",90
"Fayette County, Ohio, United States",11
"Fergus County, Montana, United States",2
"Finney County, Kansas, United States",4
"Flathead County, Montana, United States",76
"Florence County, South Carolina, United States",13
"Florence County, Wisconsin, United States",34
"Floyd County, Georgia, United States",2
"Floyd County, Kentucky, United States",3
"Floyd County, Texas, United States",2
"Fond du Lac County, Wisconsin, United States",20
"Ford County, Illinois, United States",6
"Ford County, Kansas, United States",3
"Forest County, Mississippi, United States",24
"Forest County, Wisconsin, United States",34
"Forrest County, Mississippi, United States",20
"Franklin County, Idaho, United States",6
"Franklin County, Illinois, United States",61
"Franklin County, Kansas, United States",5
"Franklin County, Kentucky, United States",9
"Franklin County, Maine, United States",14
"Franklin County, Massachusetts, United States",8
"Franklin County, Ohio, United States",43
"Franklin County, Vermont, United States",153
"Frederick County, Maryland, United States",98
"Frederick County, Virginia, United States",10
"Freeborn County, Minnesota, United States",10
"Fremont County, Colorado, United States",8
"Fremont County, Idaho, United States",21
"Fremont County, Wyoming, United States",1
"Fresno County, California, United States",39
"Fulton County, Georgia, United States",86
"Fulton County, Pennsylvania, United States",2
"Gage County, Nebraska, United States",12
"Gaines County, New Mexico, United States",1
"Gaines County, Texas, United States",14
"Galia County, Ohio, United States",4
"Gallatin County, Illinois, United States",70
"Gallatin County, Montana, United States",22
"Gallia County, Ohio, United States",138
"Galveston County, Texas, United States",50
"Garfield County, Montana, United States",23
"Garfield County, Oklahoma, United States",1
"Garfield County, Utah, United States",49
"Garfield County, Washington, United States",6
"Garrett County, Maryland, United States",89
"Gaston County, North Carolina, United States",1
"Gem County, Idaho, United States",111
"Genesee County, Michigan, United States",35
"Genesee County, New York, United States",60
"Gibson County, Indiana, United States",3
"Gila County, Arizona, United States",28
"Gilliam County, Oregon, United States",2
"Gilpin County, Colorado, United States",20
"Glades County, Florida, United States",9
"Gloucester County, New Jersey, United States",13
"Gogebic County, Michigan, United States",18
"Golden Valley County, North Dakota, United States",13
"Goliad County, Texas, United States",7
"Gonzales County, Texas, United States",64
"Goshen County, Wyoming, United States",1
"Grady County, Georgia, United States",15
"Grafton County, New Hampshire, United States",74
"Graham County, Arizona, United States",42
"Graham County, North Carolina, United States",9
"Grand County, Colorado, United States",35
"Grand Forks County, North Dakota, United States",7
"Grand Isle County, Vermont, United States",4
"Grand Traverse County, Michigan, United States",92
"Granite County, Montana, United States",17
"Grant County, Illinois, United States",10
"Grant County, Indiana, United States",14
"Grant County, New Mexico, United States",45
"Grant County, North Dakota, United States",10
"Grant County, Oregon, United States",229
"Grant County, South Dakota, United States",1
"Grant County, Washington, United States",17
"Grant County, West Virginia, United States",25
"Grant County, Wisconsin, United States",22
"Granville County, North Carolina, United States",180
"Gratiot County, Michigan, United States",1
"Graves County, Kentucky, United States",1
"Gray County, Kansas, United States",13
"Gray County, New Mexico, United States",4
"Gray County, Texas, United States",9
"Grays Harbor County, Washington, United States",17
"Grayson County, Kentucky, United States",4
"Grayson County, Texas, United States",2
"Green County, Wisconsin, United States",1
"Greene County, Alabama, United States",9
"Greene County, Arkansas, United States",3
"Greene County, Georgia, United States",997
"Greene County, Indiana, United States",4
"Greene County, Iowa, United States",43
"Greene County, Missouri, United States",6
"Greene County, New York, United States",36
"Greene County, Tennessee, United States",2
"Greene County, Virginia, United States",1
"Greenlee County, Arizona, United States",77
"Greenville County, South Carolina, United States",189
"Greenwood County, Kansas, United States",1
"Grundy County, Colorado, United States",2
"Grundy County, Illinois, United States",2
"Grundy County, Iowa, United States",315
"Guadalupe County, New Mexico, United States",42
"Guilford County, North Carolina, United States",18
"Gunnison County, Colorado, United States",27
"Gwinnett County, Georgia, United States",5
"Habersham County, Georgia, United States",4
"Hale County, Alabama, United States",131
"Hale County, Georgia, United States",1
"Halifax County, North Carolina, United States",23
"Halifax County, Virginia, United States",20
"Hall County, Georgia, United States",1
"Hall County, Nebraska, United States",8
"Hall County, Texas, United States",32
"Hamilton County, Illinois, United States",16
"Hamilton County, Kansas, United States",13
"Hamilton County, New York, United States",1
"Hamilton County, Ohio, United States",393
"Hamilton County, Tennessee, United States",127
"Hampden County, Massachusetts, United States",59
"Hampshire County, Massachusetts, United States",24
"Hampshire County, West Virginia, United States",8
"Hampton County, Virginia, United States",1
"Hancock County, Maine, United States",239
"Hancock County, Mississippi, United States",18
"Hancock County, Ohio, United States",1
"Hardeman County, Texas, United States",2
"Hardin County, Iowa, United States",54
"Hardin County, Kentucky, United States",164
"Hardin County, Ohio, United States",13
"Hardin County, Tennessee, United States",25
"Harding County, New Mexico, United States",12
"Harding County, Tennessee, United States",1
"Harford County, Maryland, United States",25
"Harlan County, Kentucky, United States",4
"Harmon County, Oklahoma, United States",2
"Harper County, Kansas, United States",5
"Harris County, Georgia, United States",3
"Harris County, Texas, United States",161
"Harrison County, Iowa, United States",23
"Harrison County, Mississippi, United States",18
"Harrison County, Texas, United States",61
"Harrison County, West Virginia, United States",6
"Hart County, Georgia, United States",6
"Hart County, Kentucky, United States",6
"Hartford County, Connecticut, United States",825
"Hartley County, Texas, United States",4
"Haskell County, Kansas, United States",16
"Hayes County, Nebraska, United States",10
"Hays County, Texas, United States",24
"Heard County, Georgia, United States",188
"Hemphill County, Texas, United States",4
"Hempstead County, Arkansas, United States",1
"Hendricks County, Indiana, United States",10
"Hendry County, Florida, United States",27
"Hennepin County, Minnesota, United States",245
"Henry County, Illinois, United States",6
"Herkimer County, New York, United States",43
"Hernando County, Florida, United States",7
"Hettinger County, North Dakota, United States",10
"Hickman County, Kentucky, United States",1
"Hidalgo County, New Mexico, United States",9
"Hidalgo County, Texas, United States",192
"Highlands County, Florida, United States",11
"Hill County, Montana, United States",37
"Hillsborough County, Florida, United States",2
"Hillsborough County, New Hampshire, United States",26
"Hinds County, Mississippi, United States",8
"Hitchcock County, Nebraska, United States",2
"Hockley County, Texas, United States",8
"Holbrook County, Idaho, United States",1
"Holmes County, Mississippi, United States",92
"Honolulu County, Hawaii, United States",43
"Hood River County, Oregon, United States",61
"Horry County, South Carolina, United States",28
"Houghton County, Michigan, United States",31
"Houston County, Alabama, United States",2
"Houston County, Georgia, United States",121
"Howard County, Texas, United States",12
"Hudson County, New Jersey, United States",38
"Hudspeth County, Texas, United States",2
"Hughes County, South Dakota, United States",7
"Humboldt County, California, United States",3
"Humboldt County, Nevada, United States",3
"Humphreys County, Mississippi, United States",24
"Huntingdon County, Pennsylvania, United States",3
"Huntington County, Indiana, United States",3
"Huron County, Michigan, United States",2
"Hutchinson County, Texas, United States",144
"Hyde County, South Dakota, United States",5
"Iberia Parish, Louisiana, United States",39
"Iberville Parish, Louisiana, United States",2
"Idaho County, Idaho, United States",21
"Imperial County, California, United States",427
"Independence County, Arkansas, United States",11
"Ingham County, Michigan, United States",55
"Inyo County, California, United States",9
"Ionia County, Michigan, United States",1
"Iowa County, Iowa, United States",23
"Iowa County, Wisconsin, United States",2
"Iron County, Michigan, United States",93
"Iron County, Wisconsin, United States",1
"Irwin County, Georgia, United States",90
"Isabella County, Michigan, United States",4
"Issaquena County, Mississippi, United States",3
"Itasca County, Minnesota, United States",76
"Jackson County, Alabama, United States",22
"Jackson County, Florida, United States",2
"Jackson County, Illinois, United States",2
"Jackson County, Michigan, United States",37
"Jackson County, Missouri, United States",35
"Jackson County, North Carolina, United States",1
"Jackson County, Ohio, United States",34
"Jackson County, Oklahoma, United States",2
"Jackson County, Oregon, United States",35
"Jackson County, Texas, United States",1
"Jackson County, Wisconsin, United States",53
"Jasper County, Illinois, United States",1
"Jasper County, Iowa, United States",142
"Jeferson County, New York, United States",1
"Jeff Davis County, Texas, United States",4
"Jefferson County, Alabama, United States",133
"Jefferson County, Arkansas, United States",117
"Jefferson County, Colorado, United States",10
"Jefferson County, Florida, United States",4
"Jefferson County, Kansas, United States",21
"Jefferson County, Kentucky, United States",209
"Jefferson County, Mississippi, United States",38
"Jefferson County, Nebraska, United States",6
"Jefferson County, New York, United States",123
"Jefferson County, Oregon, United States",19
"Jefferson County, Pennsylvania, United States",28
"Jefferson County, Tennessee, United States",39
"Jefferson County, Texas, United States",117
"Jefferson Parish, Louisiana, United States",1
"Jersey County, Illinois, United States",3
"Johnson County, Arkansas, United States",1
"Johnson County, Iowa, United States",5
"Johnson County, Kansas, United States",1
"Johnson County, North Carolina, United States",12
"Johnson County, Wyoming, United States",1
"Johnston County, Arkansas, United States",1
"Johnston County, North Carolina, United States",14
"Jones County, Mississippi, United States",82
"Jones County, South Dakota, United States",6
"Josephine County, Oregon, United States",36
"Judith Basin County, Montana, United States",12
"Juneau County, Wisconsin, United States",6
"Kanawha County, West Virginia, United States",61
"Kane County, Illinois, United States",16
"Kane County, Utah, United States",1
"Kauai County, Hawaii, United States",23
"Kaufman County, Texas, United States",18
"Kearney County, Nebraska, United States",1
"Kenosha County, Wisconsin, United States",14
"Kent County, Delaware, United States",42
"Kent County, Maryland, United States",2
"Kern County, California, United States",473
"Kerr County, Texas, United States",1
"Kewanee County, Missouri, United States",5
"Keweenaw County, Michigan, United States",5
"Kimble County, Texas, United States",110
"King County, California, United States",12
"King County, Washington, United States",190
"King William County, Virginia, United States",11
"Kings County, New York, United States",15
"Kiowa County, Kansas, United States",11
"Kitsap County, Washington, United States",17
"Klamath County, Oregon, United States",198
"Klamath Falls County, Oregon, United States",1
"Klickitat County, Washington, United States",27
"Klicktat County, Washington, United States",1
"Knott County, Kentucky, United States",1
"Knox County, Illinois, United States",6
"Knox County, Indiana, United States",7
"Knox County, Kentucky, United States",59
"Knox County, Maine, United States",5
"Knox County, Missouri, United States",6
"Knox County, Tennessee, United States",109
"Koochiching County, Minnesota, United States",153
"La Crosse County, Wisconsin, United States",1
"La Plata County, Colorado, United States",25
"La Porte County, Indiana, United States",1
"La Salle County, Illinois, United States",44
"Labette County, Kansas, United States",7
"Lac qui Parle County, Minnesota, United States",3
"Lackawanna County, Pennsylvania, United States",20
"Lafayette Parish, Louisiana, United States",11
"Lafourche Parish, Louisiana, United States",12
"Lake Champlain County, New York, United States",1
"Lake County, Colorado, United States",53
"Lake County, Illinois, United States",1
"Lake County, Indiana, United States",34
"Lake County, Ohio, United States",19
"Lake County, Tennessee, United States",5
"Lake Itasca County, Minnesota, United States",9
"Lake of the Woods County, Minnesota, United States",16
"Lake Sutton County, Oregon, United States",1
"Lamoille County, Vermont, United States",72
"Lancaster County, Nebraska, United States",163
"Lancaster County, Pennsylvania, United States",659
"Lander County, Nevada, United States",10
"Lane County, Oregon, United States",63
"Langlade County, Wisconsin, United States",33
"Lanier County, Georgia, United States",1
"Laramie County, Wyoming, United States",4
"Larimer County, Colorado, United States",3
"Larimer County, Wyoming, United States",3
"Las Animas County, Colorado, United States",6
"Latah County, Idaho, United States",20
"Lauderdale County, Alabama, United States",171
"Lauderdale County, Mississippi, United States",15
"Laurens County, South Carolina, United States",1
"Lawrence County, Alabama, United States",1
"Lawrence County, Pennsylvania, United States",71
"Lawrence County, South Dakota, United States",34
"Lea County, New Mexico, United States",16
"Leavenworth County, Kansas, United States",1
"Lee County, Arkansas, United States",2
"Lee County, Illinois, United States",2
"Lee County, Iowa, United States",33
"Lee County, Mississippi, United States",21
"Lee County, South Carolina, United States",32
"Lehigh County, Pennsylvania, United States",1
"Lemhi County, Idaho, United States",20
"Lenoir County, North Carolina, United States",4
"Leslie County, Kentucky, United States",20
"Lewis and Clark County, Montana, United States",19
"Lewis County, Idaho, United States",6
"Lewis County, New York, United States",9
"Lewis County, Washington, United States",26
"Liberty County, Georgia, United States",19
"Lincoln County, Maine, United States",15
"Lincoln County, Mississippi, United States",1
"Lincoln County, Missouri, United States",4
"Lincoln County, Nebraska, United States",24
"Lincoln County, Oklahoma, United States",20
"Lincoln County, Oregon, United States",1
"Linn County, Iowa, United States",13
"Linn County, Missouri, United States",11
"Linn County, Oregon, United States",17
"Litchfield County, Connecticut, United States",68
"Livingston County, Illinois, United States",3
"Livingston County, Kentucky, United States",3
"Livingston County, Missouri, United States",1
"Logan County, Kansas, United States",1
"Long Island County, New York, United States",5
"Lonoke County, Arkansas, United States",2
"Los Angeles County, California, United States",1303
"Loudon County, Virginia, United States",3
"Loudoun County, Tennessee, United States",136
"Loudoun County, Virginia, United States",3
"Louisa County, Virginia, United States",5
"Lowndes County, Alabama, United States",4
"Lowndes County, Georgia, United States",14
"Lowndes County, Mississippi, United States",1
"Lubbock County, Texas, United States",5
"Lucas County, Ohio, United States",110
"Luzerne County, Pennsylvania, United States",21
"Lycoming County, Pennsylvania, United States",4
"Lyman County, South Dakota, United States",26
"Lyon County, Kansas, United States",12
"Macomb County, Michigan, United States",4
"Macon County, Alabama, United States",71
"Macon County, Georgia, United States",15
"Madera County, California, United States",1
"Madison County, Arkansas, United States",2
"Madison County, Indiana, United States",2
"Madison County, Montana, United States",148
"Madison County, New York, United States",18
"Madison County, Ohio, United States",2
"Madison Parish, Louisiana, United States",52
"Mahoning County, Ohio, United States",46
"Malheur County, Idaho, United States",1
"Malheur County, Oregon, United States",632
"Manitowoc County, Wisconsin, United States",15
"Marengo County, Alabama, United States",1
"Maricopa County, Arizona, United States",321
"Maricpoa County, Arizona, United States",1
"Marin County, California, United States",56
"Marion County, Illinois, United States",19
"Marion County, Indiana, United States",48
"Marion County, Oregon, United States",38
"Marion County, Tennessee, United States",1
"Marion County, Texas, United States",32
"Marion County, West Virginia, United States",4
"Mariposa County, California, United States",3
"Marshall County, Alabama, United States",17
"Marshall County, Illinois, United States",1
"Marshall County, Iowa, United States",147
"Marshall County, Mississippi, United States",1
"Martin County, Indiana, United States",78
"Martin County, Texas, United States",3
"Mason County, West Virginia, United States",102
"Matagorda County, Texas, United States",3
"Maverick County, Texas, United States",36
"McCone County, Montana, United States",23
"McCreary County, Kentucky, United States",2
"McDowell County, West Virginia, United States",59
"McHenry County, Illinois, United States",4
"McHenry County, North Dakota, United States",8
"McIntosh County, North Dakota, United States",34
"McIntosh County, Oklahoma, United States",207
"McKean County, Pennsylvania, United States",17
"McKenzie County, North Dakota, United States",32
"McKinley County, New Mexico, United States",24
"McLean County, North Dakota, United States",2
"McLennan County, Texas, United States",56
"McLeod County, Minnesota, United States",14
"McPherson County, Kansas, United States",24
"Meagher County, Montana, United States",5
"Mebane County, North Carolina, United States",2
"Mecklenburg County, North Carolina, United States",61
"Meeker County, Minnesota, United States",52
"Meigs County, Ohio, United States",2
"Mellette County, South Dakota, United States",1
"Menard County, Texas, United States",15
"Mendocino County, California, United States",2
"Merced County, California, United States",17
"Mercer County, Illinois, United States",48
"Mercer County, Kentucky, United States",4
"Mercer County, New Jersey, United States",83
"Mercer County, New York, United States",1
"Mercer County, North Dakota, United States",3
"Mercer County, Pennsylvania, United States",69
"Mercer County, West Virginia, United States",4
"Merrimack County, New Hampshire, United States",61
"Mesa County, Colorado, United States",17
"Miami-Dade County, Florida, United States",103
"Middlesex County, Connecticut, United States",15
"Middlesex County, Massachusetts, United States",53
"Middlesex County, New Jersey, United States",5
"Midland County, Michigan, United States",2
"Midland County, Texas, United States",6
"Mille Lacs County, Minnesota, United States",30
"Miller County, Missouri, United States",1
"Mills County, Texas, United States",2
"Milwaukee County, Wisconsin, United States",244
"Mineral County, Colorado, United States",53
"Mineral County, West Virginia, United States",4
"Minidoka County, Idaho, United States",83
"Mississippi County, Arkansas, United States",13
"Mississippi County, Missouri, United States",12
"Mississippi Delta County, Mississippi, United States",9
"Missoula County, Montana, United States",13
"Mobile County, Alabama, United States",12
"Moffat County, Colorado, United States",11
"Moffatt County, Colorado, United States",1
"Mohave County, Arizona, United States",66
"Mohave County, Utah, United States",1
"Monmouth County, New Jersey, United States",27
"Monona County, Iowa, United States",88
"Monongalia County, West Virginia, United States",97
"Monrgomery County, Maryland, United States",1
"Monroe County, Florida, United States",29
"Monroe County, Indiana, United States",1
"Monroe County, Iowa, United States",1
"Monroe County, New York, United States",77
"Monroe County, Tennessee, United States",4
"Monterey County, California, United States",228
"Montgomery County, Alabama, United States",54
"Montgomery County, Maryland, United States",248
"Montgomery County, New York, United States",32
"Montgomery County, Ohio, United States",49
"Montgomery County, Pennsylvania, United States",41
"Montgomery County, Virginia, United States",60
"Montrose County, Colorado, United States",44
"Moore County, Texas, United States",68
"Mora County, New Mexico, United States",46
"Morgan County, Alabama, United States",202
"Morgan County, Georgia, United States",3
"Morgan County, Indiana, United States",2
"Morgan County, Utah, United States",2
"Morrow County, Oregon, United States",14
"Morton County, Kansas, United States",1
"Morton County, North Dakota, United States",44
"Mountrail County, North Dakota, United States",3
"Mower County, Minnesota, United States",46
"Muhlenberg County, Kentucky, United States",3
"Multnomah County, Oregon, United States",70
"Muscogee County, Georgia, United States",42
"Muskegon County, Michigan, United States",24
"Muskogee County, Oklahoma, United States",276
"Nacogdoches County, Texas, United States",22
"Napa County, California, United States",5
"Nassau County, Florida, United States",1
"Nassau County, New York, United States",1
"Natchitoches Parish, Louisiana, United States",253
"Natrona County, Wyoming, United States",5
"Navajo County, Arizona, United States",36
"Navarro County, Texas, United States",4
"NcKenzie County, North Dakota, United States",1
"Nelson County, Kentucky, United States",28
"Nelson County, North Dakota, United States",5
"Nelson County, Virginia, United States",1
"Nemaha County, Kansas, United States",1
"Nemaha County, Nebraska, United States",1
"Neosho County, Kansas, United States",17
"Neshoba County, Mississippi, United States",2
"Nevada County, California, United States",1
"New Castle County, Delaware, United States",68
"New Hanover County, North Carolina, United States",8
"New Haven County, Connecticut, United States",97
"New London County, Connecticut, United States",214
"New Madrid County, Missouri, United States",739
"Newport County, Rhode Island, United States",11
"Newton County, Missouri, United States",42
"Nez Perce County, Idaho, United States",17
"Niagara County, New York, United States",129
"Nicholas County, Kentucky, United States",5
"Nicholas County, Virginia, United States",1
"Nicholas County, West Virginia, United States",142
"Niobrara County, Wyoming, United States",1
"NMercer County, New Jersey, United States",102
"Noble County, Oklahoma, United States",2
"Nodaway County, Missouri, United States",1
"Nolan County, Texas, United States",2
"Norfolk County, Massachusetts, United States",19
"Northampton County, Pennsylvania, United States",57
"Norton County, Kansas, United States",5
"Nueces County, Texas, United States",463
"Nye County, Nevada, United States",35
"Oakland County, Michigan, United States",31
"Ocean County, New Jersey, United States",2
"Ochiltree County, Texas, United States",1
"Ogle County, Illinois, United States",10
"Oglethorpe County, Georgia, United States",5
"Okaloosa County, Florida, United States",95
"Okanogan County, Washington, United States",2
"Oklahoma County, Oklahoma, United States",284
"Oklahoma Panhandle County, Oklahoma, United States",1
"Okmulgee County, Oklahoma, United States",4
"Oldham County, Kentucky, United States",19
"Oldham County, Texas, United States",1
"Oliver County, North Dakota, United States",3
"Oneida County, Idaho, United States",48
"Oneida County, New York, United States",9
"Onondaga County, New York, United States",15
"Onslow County, North Carolina, United States",147
"Ontonagan County, Michigan, United States",1
"Ontonagon County, Michigan, United States",25
"Orange County, California, United States",8
"Orange County, Florida, United States",8
"Orange County, New York, United States",66
"Orange County, North Carolina, United States",118
"Orange County, Texas, United States",33
"Orange County, Vermont, United States",158
"Orangeburg County, South Carolina, United States",50
"Oregon County, Missouri, United States",8
"Orleans County, New York, United States",10
"Orleans County, Vermont, United States",37
"Orleans Parish, Louisiana, United States",159
"Ormsby County, Nevada, United States",3
"Oswego County, New York, United States",306
"Otero County, Colorado, United States",3
"Otero County, New Mexico, United States",3
"Otoe County, Nebraska, United States",5
"Otsego County, New York, United States",44
"Ottawa County, Kansas, United States",11
"Ottawa County, Oklahoma, United States",41
"Otter Tail County, Minnesota, United States",3
"Ouray County, Colorado, United States",91
"Oxford County, Maine, United States",49
"Page County, Virginia, United States",22
"Palm Beach County, Florida, United States",458
"Palo Alto County, Iowa, United States",3
"Panola County, Texas, United States",2
"Park County, Colorado, United States",1
"Park County, Montana, United States",38
"Parke County, Indiana, United States",17
"Parker County, Texas, United States",1
"Parmer County, Texas, United States",8
"Pasco County, Florida, United States",6
"Pasquotank County, North Carolina, United States",4
"Passaic County, New Jersey, United States",42
"Payette County, Idaho, United States",7
"Pemiscot County, Missouri, United States",75
"Pender County, North Carolina, United States",48
"Pennington County, South Dakota, United States",45
"Penobscot County, Maine, United States",1
"Peoria County, Illinois, United States",25
"Peoria County, Missouri, United States",1
"Perkins County, South Dakota, United States",4
"Perry County, Alabama, United States",5
"Perry County, Kentucky, United States",24
"Perry County, Pennsylvania, United States",5
"Perry County, Virginia, United States",8
"Person County, North Carolina, United States",133
"Pettis County, Missouri, United States",11
"Philadelphia County, Pennsylvania, United States",297
"Phillips County, Arkansas, United States",46
"Piatt County, Illinois, United States",1
"Pickaway County, Ohio, United States",1
"Pike County, Alabama, United States",34
"Pike County, Kentucky, United States",6
"Pike County, Mississippi, United States",9
"Pima County, Arizona, United States",1
"Pinal County, Arizona, United States",308
"Pinellas County, Florida, United States",25
"Pitkin County, Colorado, United States",53
"Pitt County, North Carolina, United States",2
"Pittsburg County, Oklahoma, United States",8
"Pittsylvania County, Virginia, United States",21
"Placer County, California, United States",169
"Placer County, Montana, United States",6
"Placquemines Parish, Louisiana, United States",6
"Plaquemines Parish, Louisiana, United States",55
"Plymouth County, Massachusetts, United States",21
"Poinsett County, Arkansas, United States",1
"Pointe Coupee Parish, Louisiana, United States",49
"Polk County, Florida, United States",24
"Polk County, Iowa, United States",52
"Polk County, Minnesota, United States",27
"Polk County, North Dakota, United States",5
"Polk County, Oregon, United States",26
"Polk County, Tennessee, United States",20
"Pontotoc County, Oklahoma, United States",1
"Pope County, Arkansas, United States",1
"Pope County, Illinois, United States",3
"Portage County, Ohio, United States",13
"Portage County, Wisconsin, United States",1
"Portsmouth County, Virginia, United States",3
"Posey County, Indiana, United States",42
"Pottawatomie County, Oklahoma, United States",1
"Potter County, Texas, United States",68
"Powder River County, Montana, United States",7
"Powell County, Montana, United States",1
"Prairie County, Montana, United States",3
"Presidio County, Texas, United States",1
"Preston County, West Virginia, United States",87
"Prince Edward County, Virginia, United States",5
"Prince George&#39;s County, Maryland, United States",703
"Prince Georges County, Maryland, United States",249
"Prince William County, Virginia, United States",35
"Providence County, Rhode Island, United States",50
"Prowers County, Colorado, United States",1
"Pulaski County, Arkansas, United States",47
"Putnam County, Florida, United States",3
"Putnam County, Georgia, United States",10
"Putnam County, West Virginia, United States",14
"Queen Anne County, Maryland, United States",3
"Queens County, New York, United States",11
"Ramsey County, Minnesota, United States",19
"Ramsey County, North Dakota, United States",14
"Randall County, Texas, United States",5
"Randolph County, North Carolina, United States",2
"Randolph County, West Virginia, United States",141
"Rapides Parish, Louisiana, United States",109
"Rappahannock County, Virginia, United States",17
"Ravalli County, Montana, United States",182
"Ray County, Missouri, United States",4
"Reeves County, Texas, United States",1
"Refugio County, Texas, United States",6
"Renesselaer County, New York, United States",8
"Republic County, Kansas, United States",4
"Rhea County, Tennessee, United States",107
"Rice County, Minnesota, United States",39
"Richardson County, Nebraska, United States",18
"Richland County, Montana, United States",4
"Richland County, Ohio, United States",1
"Richland County, South Carolina, United States",11
"Richland County, Wisconsin, United States",9
"Richmond County, Georgia, United States",1
"Richmond County, New York, United States",39
"Richmond County, North Carolina, United States",1
"Richmond County, Virginia, United States",2
"Riley County, Kansas, United States",10
"Rimrock County, Oregon, United States",1
"Ringgold County, Iowa, United States",14
"Rio Arriba County, New Mexico, United States",88
"Rio Grande County, Colorado, United States",67
"Ritchie County, West Virginia, United States",1
"Riverside County, California, United States",35
"Roane County, Tennessee, United States",1
"Roanoke County, Virginia, United States",4
"Roberts County, South Dakota, United States",1
"Roberts County, Texas, United States",9
"Robeson County, North Carolina, United States",24
"Rock Island County, Illinois, United States",2
"Rockingham County, Virginia, United States",35
"Rockland County, New York, United States",14
"Rolette County, North Dakota, United States",1
"Rollette County, North Dakota, United States",2
"Roosevelt County, Montana, United States",52
"Roosevelt County, New Mexico, United States",11
"Rosebud County, Montana, United States",353
"Ross County, Ohio, United States",84
"Routt County, Colorado, United States",7
"Rowan County, Kentucky, United States",30
"Rush County, Indiana, United States",1
"Russell County, Alabama, United States",5
"Rutherford County, Tennessee, United States",4
"Rutland County, Vermont, United States",120
"Sacramento County, California, United States",20
"Sacremento County, California, United States",1
"Sagadahoc County, Maine, United States",55
"Saginaw County, Michigan, United States",12
"Saint Bernard Parish, Louisiana, United States",105
"Saint Charles County, Missouri, United States",18
"Saint Charles Parish, Louisiana, United States",25
"Saint Clair County, Alabama, United States",2
"Saint Croix County, Wisconsin, United States",3
"Saint Francis County, Arkansas, United States",2
"Saint James Parish, Louisiana, United States",10
"Saint John the Baptist Parish, Louisiana, United States",1
"Saint Johns County, Florida, United States",1
"Saint Landry Parish, Louisiana, United States",1
"Saint Louis County, Minnesota, United States",176
"Saint Louis County, Missouri, United States",42
"Saint Lucia County, Florida, United States",2
"Saint Lucie County, Florida, United States",5
"Saint Martin Parish, Louisiana, United States",18
"Saint Mary Parish, Louisiana, United States",6
"Saint Mary&#39;s County, Maryland, United States",194
"Saint Marys County, Maryland, United States",7
"Saline County, Illinois, United States",22
"Saline County, Kansas, United States",2
"Salt Lake County, Utah, United States",155
"San Augustine County, Texas, United States",653
"San Benito County, California, United States",177
"San Bernadino County, California, United States",1
"San Bernardino County, California, United States",211
"San Diego County, California, United States",280
"San Fernando County, California, United States",1
"San Francisco County, California, United States",202
"San Joaquin County, California, United States",53
"San Jose County, California, United States",7
"San Juan County, Colorado, United States",68
"San Juan County, Utah, United States",1
"San Luis Obispo County, California, United States",39
"San Mateo County, California, United States",7
"San Miguel County, Colorado, United States",68
"San Miguel County, New Mexico, United States",9
"San Patricia County, Texas, United States",3
"San Patricio County, Texas, United States",46
"Sanders County, Montana, United States",10
"Sandoval County, New Mexico, United States",7
"Sanpete County, Utah, United States",8
"Santa Barbara County, California, United States",5
"Santa Clara County, California, United States",80
"Santa Fe County, New Mexico, United States",20
"Santi County, Minnesota, United States",4
"Sarasota County, Florida, United States",114
"Schenectady County, New York, United States",142
"Schleicher County, Texas, United States",1
"Schulyler County, New York, United States",2
"Schuyler County, New York, United States",35
"Schuylkill County, Pennsylvania, United States",90
"Scioto County, Ohio, United States",36
"Scoharie County, New York, United States",2
"Scotland County, North Carolina, United States",3
"Scott County, Kentucky, United States",3
"Scott County, Missouri, United States",95
"Scotts Bluff County, Nebraska, United States",110
"Screven County, Georgia, United States",3
"Sebastian County, Arkansas, United States",2
"Sedgwick County, Kansas, United States",61
"Seminole County, Florida, United States",5
"Seminole County, Oklahoma, United States",36
"Sequoyah County, Oklahoma, United States",149
"Sevier County, Tennessee, United States",114
"Seward County, Kansas, United States",9
"Seward County, Nebraska, United States",4
"Shannon County, Missouri, United States",2
"Shannon County, South Dakota, United States",5
"Sharkey County, Mississippi, United States",3
"Shasta County, California, United States",419
"Shawano County, Wisconsin, United States",13
"Shawnee County, Kansas, United States",73
"Shelby County, Indiana, United States",1
"Shelby County, Kentucky, United States",65
"Shelby County, Tennessee, United States",145
"Shenandoah County, Virginia, United States",1
"Sherburne County, Minnesota, United States",2
"Sheridan County, Kansas, United States",49
"Sheridan County, Montana, United States",76
"Sheridan County, Nebraska, United States",3
"Sheridan County, Wyoming, United States",15
"Sherman County, Nebraska, United States",3
"Sherman County, Oregon, United States",1
"Sherman County, Texas, United States",21
"Shoshone County, Idaho, United States",1
"Sierra County, New Mexico, United States",2
"Silver Bow County, Montana, United States",213
"Sioux County, Nebraska, United States",12
"Siskiyou County, California, United States",66
"Smith County, Mississippi, United States",1
"Smith County, Texas, United States",3
"Smyth County, Virginia, United States",9
"Socorro County, New Mexico, United States",6
"Solano County, California, United States",65
"Somerset County, Maryland, United States",62
"Somerset County, New Jersey, United States",35
"Somerset County, Pennsylvania, United States",1
"Somervell County, Texas, United States",3
"Sonoma County, California, United States",170
"Spalding County, Georgia, United States",2
"Spartanburg County, South Carolina, United States",136
"Spink County, South Dakota, United States",3
"St Charles County, Missouri, United States",1
"St Francis County, Arkansas, United States",21
"St John the Baptist Parish, Louisiana, United States",1
"St Louis County, Minnesota, United States",1
"St Mary&#39;s County, Maryland, United States",1
"Stafford County, Virginia, United States",1
"Stanislaus County, California, United States",124
"Stark County, North Dakota, United States",54
"Stark County, Ohio, United States",20
"Starke County, Indiana, United States",2
"Starr County, Texas, United States",1
"Stearns County, Minnesota, United States",1
"Stewart County, Georgia, United States",7
"Stillwater County, Montana, United States",70
"Storey County, Nevada, United States",15
"Story County, Iowa, United States",292
"Sublette County, Wyoming, United States",4
"Suffolk County, Massachusetts, United States",38
"Sullivan County, New York, United States",9
"Summit County, Colorado, United States",25
"Summit County, Ohio, United States",303
"Summit County, Utah, United States",14
"Sumner County, Kansas, United States",17
"Sumter County, Georgia, United States",1
"Sunflower County, Mississippi, United States",3
"Sussex County, Delaware, United States",41
"Sutter County, California, United States",45
"Sutton County, Texas, United States",3
"Suwanee County, Florida, United States",2
"Sweet Grass County, Montana, United States",2
"Sweetwater County, Wyoming, United States",13
"Talbot County, Maryland, United States",1
"Taliaferro County, Georgia, United States",2
"Talladega County, Alabama, United States",169
"Tangipahoa Parish, Louisiana, United States",117
"Taos County, New Mexico, United States",1116
"Tarrant County, Texas, United States",117
"Taylor County, Kentucky, United States",2
"Taylor County, Texas, United States",1
"Taylor County, West Virginia, United States",2
"Tehama County, California, United States",29
"Tehana County, California, United States",1
"Teller County, Colorado, United States",1
"Terrebonne Parish, Louisiana, United States",105
"Teton County, Idaho, United States",1
"Teton County, Montana, United States",32
"Teton County, Wyoming, United States",6
"Texas County, Oklahoma, United States",5
"Thomas County, Nebraska, United States",4
"Thurston County, Washington, United States",47
"Tift County, Georgia, United States",3
"Tillamook County, Oregon, United States",91
"Tioga County, New York, United States",3
"Tioga County, Pennsylvania, United States",2
"Tippecanoe County, Indiana, United States",32
"Todd County, Kentucky, United States",2
"Todd County, South Dakota, United States",11
"Tolland County, Connecticut, United States",4
"Tom Green County, Texas, United States",463
"Tompkins County, New York, United States",40
"Tooele County, Utah, United States",1
"Tork County, Maine, United States",1
"Torrance County, New Mexico, United States",23
"Traill County, North Dakota, United States",6
"Traverse County, Minnesota, United States",9
"Travis County, Texas, United States",8
"Treasure County, Montana, United States",18
"Troup County, Georgia, United States",1
"Tulare County, California, United States",647
"Tulsa County, Oklahoma, United States",173
"Tuscaloosa County, Alabama, United States",3
"Twin Falls County, Idaho, United States",39
"Uinta County, Wyoming, United States",8
"Ulster County, New York, United States",2
"Umatilla County, Oregon, United States",91
"Union County, Illinois, United States",2
"Union County, Iowa, United States",3
"Union County, Missouri, United States",1
"Union County, New Jersey, United States",36
"Union County, New Mexico, United States",8
United States,2566
"Upshur County, West Virginia, United States",1
"Upson County, Georgia, United States",2
"Utah County, Utah, United States",99
"Valencia County, New Mexico, United States",33
"Valley County, Idaho, United States",24
"Valley County, Montana, United States",2
"Ventura County, California, United States",1
"Vermilion County, Illinois, United States",3
"Vermilion Parish, Louisiana, United States",39
"Vernon County, Missouri, United States",5
"Vernon County, Wisconsin, United States",121
"Vernon Parish, Louisiana, United States",15
"Victoria County, Texas, United States",5
"Vigo County, Indiana, United States",96
"Vinton County, Ohio, United States",2
"Volusia County, Florida, United States",372
"Wabash County, Illinois, United States",6
"Wabash County, Indiana, United States",20
"Wabasha County, Minnesota, United States",2
"Wagoner County, Oklahoma, United States",59
"Wahkiakum County, Washington, United States",3
"Wake County, North Carolina, United States",137
"Waldo County, Maine, United States",2
"Walker County, Alabama, United States",27
"Walker County, Texas, United States",2
"Walla Walla County, Washington, United States",196
"Wallingford County, Connecticut, United States",1
"Walton County, Florida, United States",1
"Walton County, Georgia, United States",2
"Walworth County, South Dakota, United States",7
"Wapello County, Iowa, United States",1
"Ward County, North Dakota, United States",73
"Ware County, Georgia, United States",3
"Waren County, Mississippi, United States",4
"Warren County, Mississippi, United States",44
"Wasatch County, Utah, United States",6
"Wasco County, Oregon, United States",18
"Washburn County, Wisconsin, United States",4
"Washington County, Alabama, United States",1
"Washington County, Arkansas, United States",7
"Washington County, Colorado, United States",19
"Washington County, Idaho, United States",2
"Washington County, Illinois, United States",1
"Washington County, Maine, United States",4
"Washington County, Maryland, United States",39
"Washington County, Mississippi, United States",28
"Washington County, Missouri, United States",30
"Washington County, Ohio, United States",6
"Washington County, Rhode Island, United States",20
"Washington County, Texas, United States",5
"Washington County, Utah, United States",67
"Washington County, Vermont, United States",64
"Washoe County, Nevada, United States",20
"Washtenaw County, Michigan, United States",106
"Wastenaw County, Michigan, United States",6
"Watauga County, North Carolina, United States",2
"Waushara County, Wisconsin, United States",4
"Wayne County, Michigan, United States",1663
"Wayne County, North Carolina, United States",7
"Weld County, Colorado, United States",63
"West Carroll Parish, Louisiana, United States",24
"Westchester County, New York, United States",55
"Westmoreland County, Pennsylvania, United States",109
"Weston County, Wyoming, United States",12
"Wheatland County, Montana, United States",7
"Wheeler County, Texas, United States",2
"White County, Illinois, United States",8
"White Pine County, Nevada, United States",17
"Whitman County, Washington, United States",103
"Wichita County, Texas, United States",6
"Wicomico County, Maryland, United States",70
"Wilbarger County, Texas, United States",1
"Wilcox County, Alabama, United States",116
"Will County, Illinois, United States",9
"Willacy County, Texas, United States",24
"Williams County, Montana, United States",2
"Williams County, North Carolina, United States",1
"Williams County, North Dakota, United States",252
"Williamson County, Illinois, United States",151
"Williamson County, Texas, United States",30
"Wilson County, Tennessee, United States",2
"Windham County, Connecticut, United States",15
"Windham County, Vermont, United States",92
"Windsor County, New Hampshire, United States",1
"Windsor County, Vermont, United States",325
"Wolfe County, Kentucky, United States",16
"Woodbury County, Iowa, United States",29
"Woods County, Oklahoma, United States",14
"Woodson County, Kansas, United States",2
"Woodward County, Oklahoma, United States",9
"Worcester County, Massachusetts, United States",34
"Worth County, Iowa, United States",3
"Wright County, Missouri, United States",3
"Wyandotte County, Kansas, United States",133
"Wythe County, Virginia, United States",9
"Yakima County, Washington, United States",217
"Yamhill County, Oregon, United States",37
"Yavapai County, Arizona, United States",13
"Yazoo County, Mississippi, United States",1
"Yellowstone County, Montana, United States",9
"Yolo County, California, United States",1
"York County, Nebraska, United States",10
"York County, Pennsylvania, United States",83
"York County, South Carolina, United States",1
"York County, Virginia, United States",3
"Yuba County, California, United States",31
"Yuma County, Arizona, United States",107
"Zavala County, Texas, United States",91
"Ziebach County, South Dakota, United States",2
(blank),28179
